model,fold,weighted_f1,recall_ALG,recall_FMAT,recall_NVB,recall_SGAM,recall_SGZ
rf,0,0.7407912274191063,0.22857142857142856,0.6947935368043088,0.8727678571428571,,0.6482084690553745
rf,1,0.79233089211541,0.10256410256410256,0.9444444444444444,0.9613445378151261,0.08695652173913043,0.09433962264150944
rf,2,0.9394078735419301,0.8287671232876712,,0.9560585885486018,,
rf,3,0.8060422886743918,0.5064935064935064,0.7941176470588235,0.9630681818181818,0.0,0.0
rf,4,0.6384665542869381,0.855,0.16049382716049382,0.7472118959107806,,0.5205183585313174
cat,0,0.7631056473719834,0.17142857142857143,0.7360861759425493,0.7991071428571429,,0.749185667752443
cat,1,0.8075620897077112,0.14102564102564102,0.8717948717948718,0.9512605042016806,0.3695652173913043,0.18867924528301888
cat,2,0.9232284877680993,0.8698630136986302,,0.8934753661784287,,
cat,3,0.8371914037317191,0.5714285714285714,0.7843137254901961,0.953125,0.19230769230769232,0.0
cat,4,0.6617837423331926,0.93,0.30864197530864196,0.5966542750929368,,0.673866090712743
lgb,0,0.767017269659402,0.11428571428571428,0.7719928186714542,0.8214285714285714,,0.7068403908794788
lgb,1,0.8065682131634916,0.15384615384615385,0.9145299145299145,0.9663865546218487,0.15217391304347827,0.20754716981132076
lgb,2,0.9033227836967674,0.8356164383561644,,0.8681757656458056,,
lgb,3,0.7907591944379427,0.33766233766233766,0.7549019607843137,0.9616477272727273,0.05128205128205128,0.0
lgb,4,0.6316650475823152,0.94,0.5185185185185185,0.5539033457249071,,0.5896328293736501
