feature_name,importance_mean,importance_std,selected,rank
btm_broad_bpi,3.1969309462920315e-05,6.393861892584063e-05,True,49
btm_fine_bpi,0.0,0.0,False,50
btm_broad_std,-9.590792838876094e-05,7.83084956132845e-05,False,53
btm_fine_std,-3.1969309462920315e-05,6.393861892584063e-05,False,52
btm_slope,0.001438618925831192,0.00047418148894473806,True,32
btm_vrm,0.0009271099744245559,0.0005929423590470543,True,41
btm_surface_ratio,0.0005434782608695566,0.00045884591094651287,False,44
btm_bpi_magnitude,-0.0002877237851662162,0.00011961820290195039,False,54
btm_broad_x_fine_std,0.0,0.0,False,50
btm_rough_total,0.0013427109974424756,0.0006441637365604317,False,34
btm_northness,0.001214833759590772,0.0002964711795235206,True,38
btm_eastness,0.0012148337595908165,0.00019181585677747006,True,36
btm_max_curvature,0.0014705882352941124,0.00023492548683985348,True,31
btm_complexity,0.000959079283887454,0.00026747443303517675,True,39
btm_slope_3,0.00044757033248084,0.0004890363983624978,True,46
btm_slope_7,-0.0007672634271099765,0.0008602061411172355,False,56
btm_slope_11,-0.0030370843989769637,0.0005444177226958588,False,61
btm_slope_15,-0.00425191815856778,0.0007998718672120779,False,62
btm_slope_21,0.0046675191815857,0.0016716005706395765,False,12
btm_vrm_3,0.001310741687979533,0.0005291862326485527,False,35
btm_vrm_7,0.0005434782608695566,0.00035885460870596,False,44
btm_vrm_11,3.196930946294252e-05,0.0007247943765188171,False,48
btm_vrm_15,0.002109974424552452,0.0003559951638638208,False,27
btm_vrm_21,0.00828005115089514,0.0015510881676097422,False,9
btm_surface_ratio_3,0.0012148337595908165,0.00021682640611012897,False,36
btm_surface_ratio_7,-0.0006713554987212156,0.0004676706789746744,False,55
btm_surface_ratio_11,-0.0018861892583119876,0.00032602426557499294,False,58
btm_surface_ratio_15,-0.005274936061381052,0.0007699229270327444,False,64
btm_surface_ratio_21,0.005658567774936074,0.0006901225429962286,False,11
btm_northness_3,0.00041560102301789746,0.00038628663598449034,True,47
btm_northness_7,0.0029731457800511673,0.0009780727967249592,True,23
btm_northness_11,0.004507672634271098,0.000658288372185848,True,13
btm_northness_15,0.009015345268542242,0.0005115089514066362,False,7
btm_northness_21,0.14421355498721228,0.0020102570233072347,True,1
btm_eastness_3,0.0029731457800511673,0.0005772209106543179,True,23
btm_eastness_7,0.0033248081841432465,0.0009064863733221192,True,20
btm_eastness_11,0.004187979539641962,0.0006811788923485598,True,16
btm_eastness_15,0.00850383631713556,0.0007725732719689531,True,8
btm_eastness_21,0.04434143222506395,0.0012570078805202842,True,2
btm_max_curvature_3,0.0008312020460358172,0.00037007151223752657,True,42
btm_max_curvature_7,0.0014066496163683162,0.0005664976069907064,False,33
btm_max_curvature_11,0.004347826086956519,0.000823791478690882,True,14
btm_max_curvature_15,0.0008312020460358172,0.0005095069517426347,False,42
btm_max_curvature_21,0.010070332480818433,0.0008985594196007417,False,6
btm_complexity_3,-0.0008951406649616133,0.0005115089514066432,False,57
btm_complexity_7,-0.0023976982097186463,0.0005628777769072331,False,59
btm_complexity_11,-0.0027813299232736454,0.0011009702914144732,False,60
btm_complexity_15,-0.0042838874680306786,0.0011365977515748612,False,63
btm_complexity_21,0.031138107416879834,0.0030436394463969167,True,3
btm_rdmv_3,0.0018222506393862138,0.0003862866359844591,True,28
btm_rdmv_7,0.0009271099744245781,0.00015661699122656902,True,40
btm_rdmv_11,0.0015025575447570549,0.0003132339824530995,False,30
btm_rdmv_15,0.0017263427109974305,0.0005842604502077053,True,29
btm_rdmv_21,0.0032289002557544856,0.00035599516386378686,False,21
btm_glcm_contrast_3,0.0021419437340153722,0.0006441637365604317,True,26
btm_glcm_homogeneity_3,0.0027813299232736675,0.0004588459109465098,True,25
btm_glcm_contrast_7,0.0030690537084399282,0.0008299715464032863,True,22
btm_glcm_homogeneity_7,0.005690537084398972,0.0009515905413131116,True,10
btm_glcm_contrast_11,0.003644501278772383,0.0009558770068878518,True,19
btm_glcm_homogeneity_11,0.004124040920716121,0.0003413388187989595,True,17
btm_glcm_contrast_15,0.0042838874680307,0.0004676706789747002,True,15
btm_glcm_homogeneity_15,0.003932225063938644,0.0008905619103058858,True,18
btm_glcm_contrast_21,0.010997442455242968,0.0012315447752083303,True,5
btm_glcm_homogeneity_21,0.011476982097186705,0.0010813001614633968,True,4
