feature_name,importance_mean,importance_std,rank
depth,0.17687270750006748,0.0,1
backscatter,0.03581898369488555,0.0,8
slope,0.016604724724028328,0.0,16
vrm,0.021261659748140253,0.0,12
complexity,0.03699396093934745,0.0,6
max_curvature,0.005978606628980189,0.0,35
northness,0.005947011152292478,0.0,36
eastness,0.005777515586740891,0.0,37
btm_broad_bpi,0.0023347389060744735,0.0,41
btm_slope,0.013923616927767878,0.0,19
btm_vrm,0.021053629638066142,0.0,13
btm_northness,0.0064530501122540464,0.0,33
btm_eastness,0.006051165684309653,0.0,34
btm_max_curvature,0.006802926555293926,0.0,31
btm_complexity,0.013289925064421284,0.0,20
btm_slope_3,0.03665172712165217,0.0,7
btm_northness_3,0.010613884135501964,0.0,25
btm_northness_7,0.02563222636000075,0.0,10
btm_northness_11,0.04453850784310063,0.0,5
btm_northness_21,0.09308447570482947,0.0,3
btm_eastness_3,0.0068444413986025,0.0,30
btm_eastness_7,0.009583948362842114,0.0,27
btm_eastness_11,0.016250445927606483,0.0,17
btm_eastness_15,0.021426125447179954,0.0,11
btm_eastness_21,0.032470388082318016,0.0,9
btm_max_curvature_3,0.01762114329762034,0.0,15
btm_max_curvature_11,0.0525405335283965,0.0,4
btm_complexity_21,0.12616217549804298,0.0,2
btm_rdmv_3,0.005619023991496419,0.0,38
btm_rdmv_7,0.0055022588791613265,0.0,40
btm_rdmv_15,0.006760346973005879,0.0,32
btm_glcm_contrast_3,0.005615656871901565,0.0,39
btm_glcm_homogeneity_3,0.007010361885802963,0.0,29
btm_glcm_contrast_7,0.009266548189027274,0.0,28
btm_glcm_homogeneity_7,0.01006249469419696,0.0,26
btm_glcm_contrast_11,0.012149453782639475,0.0,23
btm_glcm_homogeneity_11,0.0106959505050288,0.0,24
btm_glcm_contrast_15,0.012806858384606087,0.0,21
btm_glcm_homogeneity_15,0.012775884371180391,0.0,22
btm_glcm_contrast_21,0.015305688351993765,0.0,18
btm_glcm_homogeneity_21,0.017845227549595055,0.0,14
