"ID","class"
1,"ALG"
2,"NVB"
3,"SGZ"
4,"SGAM"
5,"FMAT"
6,"ALG"
7,"NVB"
8,"SGZ"
9,"SGAM"
10,"FMAT"
11,"ALG"
12,"NVB"
13,"SGZ"
14,"SGAM"
15,"FMAT"
16,"ALG"
17,"NVB"
18,"SGZ"
19,"SGAM"
20,"FMAT"
21,"ALG"
22,"NVB"
23,"SGZ"
24,"SGAM"
25,"FMAT"
26,"ALG"
27,"NVB"
28,"SGZ"
29,"SGAM"
30,"FMAT"
31,"ALG"
32,"NVB"
33,"SGZ"
34,"SGAM"
35,"FMAT"
36,"ALG"
37,"NVB"
38,"SGZ"
39,"SGAM"
40,"FMAT"
41,"ALG"
42,"NVB"
43,"SGZ"
44,"SGAM"
45,"FMAT"
46,"ALG"
47,"NVB"
48,"SGZ"
49,"SGAM"
50,"FMAT"
51,"ALG"
52,"NVB"
53,"SGZ"
54,"SGAM"
55,"FMAT"
56,"ALG"
57,"NVB"
58,"SGZ"
59,"SGAM"
60,"FMAT"
61,"ALG"
62,"NVB"
63,"SGZ"
64,"SGAM"
65,"FMAT"
66,"ALG"
67,"NVB"
68,"SGZ"
69,"SGAM"
70,"FMAT"
71,"ALG"
72,"NVB"
73,"SGZ"
74,"SGAM"
75,"FMAT"
76,"ALG"
77,"NVB"
78,"SGZ"
79,"SGAM"
80,"FMAT"
81,"ALG"
82,"NVB"
83,"SGZ"
84,"SGAM"
85,"FMAT"
86,"ALG"
87,"NVB"
88,"SGZ"
89,"SGAM"
90,"FMAT"
91,"ALG"
92,"NVB"
93,"SGZ"
94,"SGAM"
95,"FMAT"
96,"ALG"
97,"NVB"
98,"SGZ"
