ID,class
1,SGZ
2,ALG
3,NVB
4,NVB
5,SGZ
6,NVB
7,FMAT
8,ALG
9,ALG
10,FMAT
11,NVB
12,NVB
13,NVB
14,FMAT
15,FMAT
16,FMAT
17,ALG
18,NVB
19,SGZ
20,FMAT
21,FMAT
22,FMAT
23,ALG
24,NVB
25,NVB
26,ALG
27,ALG
28,ALG
29,ALG
30,NVB
31,NVB
32,ALG
33,ALG
34,NVB
35,ALG
36,FMAT
37,NVB
38,NVB
39,ALG
40,NVB
41,NVB
42,NVB
43,SGZ
44,NVB
45,NVB
46,ALG
47,NVB
48,SGZ
49,NVB
50,SGZ
51,NVB
52,FMAT
53,NVB
54,ALG
55,SGZ
56,NVB
57,FMAT
58,ALG
59,SGAM
60,SGZ
61,ALG
62,NVB
63,NVB
64,NVB
65,ALG
66,SGAM
67,NVB
68,ALG
69,NVB
70,FMAT
71,SGZ
72,NVB
73,FMAT
74,SGAM
75,FMAT
76,SGAM
77,ALG
78,NVB
79,NVB
80,NVB
81,NVB
82,NVB
83,ALG
84,FMAT
85,FMAT
86,ALG
87,NVB
88,SGZ
89,FMAT
90,SGZ
91,NVB
92,NVB
93,FMAT
94,NVB
95,ALG
96,SGZ
97,SGZ
98,NVB
